title,description,url
Steelite International Distinction,Add a touch of elegance to your restaurant by investing in Steelite International Distinction dinnerware.,https://www.webstaurantstore.com/vendor/steelite-distinction.html
Steelite International Performance,Steelite International Performance dinnerware is designed to offer long-lasting value and quality for your restaurant.,https://www.webstaurantstore.com/vendor/steelite-performance.html
Bormioli Rocco,Elevate your signature drinks by serving them in Bormioli Rocco glassware.,https://www.webstaurantstore.com/vendor/bormioli-rocco.html
Walco,Create the perfect table setting by investing in stunning Walco flatware.,https://www.webstaurantstore.com/vendor/walco.html
Fiesta,"No matter what foods you sell, Fiesta dinnerware allows you to serve them with style.",https://www.webstaurantstore.com/vendor/fiesta-dinnerware-from-steelite-international.html
Pasabahce,"Pasabahce sells cocktail glasses, wine glasses, and drinking glasses for your signature drinks.",https://www.webstaurantstore.com/vendor/pasabahce.html
Varick,Provide high-quality utensils for your guests with Varick by Steelite International flatware.,https://www.webstaurantstore.com/vendor/varick-by-steelite-international.html
Creations,"Invest in durable, high-quality dinnerware from Creations by Steelite International.",https://www.webstaurantstore.com/vendor/creations-by-steelite-international.html
Anfora from Steelite International China Dinnerware,Anfora by Steelite International Anfora from Steelite International China Dinnerware,https://www.webstaurantstore.com/353705/anfora-from-steelite-international-china-dinnerware.html
China Bowls,Anfora by Steelite International China Bowls,https://www.webstaurantstore.com/41999/china-bowls.html?vendor=Anfora-by-Steelite-International
"China Cups, Mugs, and Saucers","Anfora by Steelite International China Cups, Mugs, and Saucers",https://www.webstaurantstore.com/21915/china-cups-mugs-and-saucers.html?vendor=Anfora-by-Steelite-International
China Plates,Anfora by Steelite International China Plates,https://www.webstaurantstore.com/50537/china-plates.html?vendor=Anfora-by-Steelite-International
China Platters and Trays,Anfora by Steelite International China Platters and Trays,https://www.webstaurantstore.com/41995/china-platters-and-trays.html?vendor=Anfora-by-Steelite-International
Porcelain Bowls,Anfora by Steelite International Porcelain Bowls,https://www.webstaurantstore.com/50541/porcelain-bowls.html?vendor=Anfora-by-Steelite-International
Salt and Pepper Shakers and Mills,Anfora by Steelite International Salt and Pepper Shakers and Mills,https://www.webstaurantstore.com/53063/salt-and-pepper-shakers-and-mills.html?vendor=Anfora-by-Steelite-International
Bento Boxes,Creations by Steelite International Bento Boxes,https://www.webstaurantstore.com/3679/bento-boxes.html?vendor=Creations-by-Steelite-International
Bread and Butter Plates,Creations by Steelite International Bread and Butter Plates,https://www.webstaurantstore.com/57077/bread-and-butter-plates.html?vendor=Creations-by-Steelite-International
Ladles,Creations by Steelite International Ladles,https://www.webstaurantstore.com/40755/ladles.html?vendor=Creations-by-Steelite-International
Melamine Bowls,Creations by Steelite International Melamine Bowls,https://www.webstaurantstore.com/45291/melamine-bowls.html?vendor=Creations-by-Steelite-International
Melamine Plates,Creations by Steelite International Melamine Plates,https://www.webstaurantstore.com/45289/melamine-plates.html?vendor=Creations-by-Steelite-International
Melamine Trays,Creations by Steelite International Melamine Trays,https://www.webstaurantstore.com/45293/melamine-trays.html?vendor=Creations-by-Steelite-International
Metal Beverageware,Creations by Steelite International Metal Beverageware,https://www.webstaurantstore.com/48765/metal-beverageware.html?vendor=Creations-by-Steelite-International
Ramekins and Sauce Cups,Creations by Steelite International Ramekins and Sauce Cups,https://www.webstaurantstore.com/10397/ramekins-and-sauce-cups.html?vendor=Creations-by-Steelite-International
Serving and Display Bowls,Creations by Steelite International Serving and Display Bowls,https://www.webstaurantstore.com/41969/serving-and-display-bowls.html?vendor=Creations-by-Steelite-International
Serving Utensils,Creations by Steelite International Serving Utensils,https://www.webstaurantstore.com/2969/serving-utensils.html?vendor=Creations-by-Steelite-International
Steelite International Melamine Dinnerware and Displayware,Creations by Steelite International Steelite International Melamine Dinnerware and Displayware,https://www.webstaurantstore.com/69557/steelite-international-melamine-dinnerware-and-displayware.html?vendor=Creations-by-Steelite-International
Sushi Servingware,Creations by Steelite International Sushi Servingware,https://www.webstaurantstore.com/16957/sushi-servingware.html?vendor=Creations-by-Steelite-International
Acrylic Bowls,Delfin by Steelite International Acrylic Bowls,https://www.webstaurantstore.com/42021/acrylic-bowls.html?vendor=Delfin-by-Steelite-International
Bread and Butter Plates,Delfin by Steelite International Bread and Butter Plates,https://www.webstaurantstore.com/57077/bread-and-butter-plates.html?vendor=Delfin-by-Steelite-International
Bread Boards and Charcuterie / Cheese Boards,Delfin by Steelite International Bread Boards and Charcuterie / Cheese Boards,https://www.webstaurantstore.com/42811/bread-boards.html?vendor=Delfin-by-Steelite-International
"Cake, Pie, Cupcake Stands and Covers","Delfin by Steelite International Cake, Pie, Cupcake Stands and Covers",https://www.webstaurantstore.com/2445/cake-and-pie-display-stands-and-covers.html?vendor=Delfin-by-Steelite-International
Display Risers and Display Stands,Delfin by Steelite International Display Risers and Display Stands,https://www.webstaurantstore.com/33831/display-risers-and-display-stands.html?vendor=Delfin-by-Steelite-International
Faux Finish Melamine Dinnerware & Servingware,Delfin by Steelite International Faux Finish Melamine Dinnerware & Servingware,https://www.webstaurantstore.com/53573/faux-finish-melamine-dinnerware.html?vendor=Delfin-by-Steelite-International
Food Display Baskets,Delfin by Steelite International Food Display Baskets,https://www.webstaurantstore.com/65427/food-display-baskets.html?vendor=Delfin-by-Steelite-International
Ice Displays and Beverage Housings,Delfin by Steelite International Ice Displays and Beverage Housings,https://www.webstaurantstore.com/56809/ice-displays-and-beverage-housings.html?vendor=Delfin-by-Steelite-International
Market Trays and Bakery Display Trays,Delfin by Steelite International Market Trays and Bakery Display Trays,https://www.webstaurantstore.com/3389/market-trays-and-bakery-display-trays.html?vendor=Delfin-by-Steelite-International
Melamine Bowls,Delfin by Steelite International Melamine Bowls,https://www.webstaurantstore.com/45291/melamine-bowls.html?vendor=Delfin-by-Steelite-International
"Melamine Cups, Mugs, and Saucers","Delfin by Steelite International Melamine Cups, Mugs, and Saucers",https://www.webstaurantstore.com/22291/melamine-cups-mugs-and-saucers.html?vendor=Delfin-by-Steelite-International
Melamine Plates,Delfin by Steelite International Melamine Plates,https://www.webstaurantstore.com/45289/melamine-plates.html?vendor=Delfin-by-Steelite-International
Melamine Trays,Delfin by Steelite International Melamine Trays,https://www.webstaurantstore.com/45293/melamine-trays.html?vendor=Delfin-by-Steelite-International
Plastic Serving and Display Platters / Trays,Delfin by Steelite International Plastic Serving and Display Platters / Trays,https://www.webstaurantstore.com/41979/plastic-serving-and-display-platters-trays.html?vendor=Delfin-by-Steelite-International
Ramekins and Sauce Cups,Delfin by Steelite International Ramekins and Sauce Cups,https://www.webstaurantstore.com/10397/ramekins-and-sauce-cups.html?vendor=Delfin-by-Steelite-International
Restaurant Creamers,Delfin by Steelite International Restaurant Creamers,https://www.webstaurantstore.com/4055/restaurant-creamers.html?vendor=Delfin-by-Steelite-International
Salad Bar and Deli Crocks,Delfin by Steelite International Salad Bar and Deli Crocks,https://www.webstaurantstore.com/19107/salad-bar-crocks.html?vendor=Delfin-by-Steelite-International
"Sample Domes, Display Trays and Covers","Delfin by Steelite International Sample Domes, Display Trays and Covers",https://www.webstaurantstore.com/2441/sample-domes-display-trays-and-covers.html?vendor=Delfin-by-Steelite-International
Serving and Display Bowls,Delfin by Steelite International Serving and Display Bowls,https://www.webstaurantstore.com/41969/serving-and-display-bowls.html?vendor=Delfin-by-Steelite-International
Steelite International Melamine Dinnerware and Displayware,Delfin by Steelite International Steelite International Melamine Dinnerware and Displayware,https://www.webstaurantstore.com/69557/steelite-international-melamine-dinnerware-and-displayware.html?vendor=Delfin-by-Steelite-International
Appetizer and Tasting Bowls,Fiesta® Dinnerware from Steelite International Appetizer and Tasting Bowls,https://www.webstaurantstore.com/42795/appetizer-and-tasting-bowls.html?vendor=Fiesta-Dinnerware-from-Steelite-International
"Appetizer Plates, Trays and Platters","Fiesta® Dinnerware from Steelite International Appetizer Plates, Trays and Platters",https://www.webstaurantstore.com/42799/appetizer-and-tasting-plates.html?vendor=Fiesta-Dinnerware-from-Steelite-International
Baking and Casserole Dishes,Fiesta® Dinnerware from Steelite International Baking and Casserole Dishes,https://www.webstaurantstore.com/20315/baking-and-casserole-dishes.html?vendor=Fiesta-Dinnerware-from-Steelite-International
Bread and Butter Plates,Fiesta® Dinnerware from Steelite International Bread and Butter Plates,https://www.webstaurantstore.com/57077/bread-and-butter-plates.html?vendor=Fiesta-Dinnerware-from-Steelite-International
China Bowls,Fiesta® Dinnerware from Steelite International China Bowls,https://www.webstaurantstore.com/41999/china-bowls.html?vendor=Fiesta-Dinnerware-from-Steelite-International
"China Cups, Mugs, and Saucers","Fiesta® Dinnerware from Steelite International China Cups, Mugs, and Saucers",https://www.webstaurantstore.com/21915/china-cups-mugs-and-saucers.html?vendor=Fiesta-Dinnerware-from-Steelite-International
China Plates,Fiesta® Dinnerware from Steelite International China Plates,https://www.webstaurantstore.com/50537/china-plates.html?vendor=Fiesta-Dinnerware-from-Steelite-International
China Platters and Trays,Fiesta® Dinnerware from Steelite International China Platters and Trays,https://www.webstaurantstore.com/41995/china-platters-and-trays.html?vendor=Fiesta-Dinnerware-from-Steelite-International
Fiesta® Dinnerware by Steelite International,Fiesta® Dinnerware from Steelite International Fiesta® Dinnerware by Steelite International,https://www.webstaurantstore.com/3809/fiesta-dinnerware-from-steelite-international.html
Fiesta® Dinnerware by Steelite International Skull and Vine China Dinnerware,Fiesta® Dinnerware from Steelite International Fiesta® Dinnerware by Steelite International Skull and Vine China Dinnerware,https://www.webstaurantstore.com/57037/fiesta-dinnerware-from-steelite-international-skull-and-vine-china-dinnerware.html
Gravy and Sauce Boats,Fiesta® Dinnerware from Steelite International Gravy and Sauce Boats,https://www.webstaurantstore.com/4071/gravy-and-sauce-boats.html?vendor=Fiesta-Dinnerware-from-Steelite-International
Healthcare China Dinnerware,Fiesta® Dinnerware from Steelite International Healthcare China Dinnerware,https://www.webstaurantstore.com/20197/healthcare-china-dinnerware.html?vendor=Fiesta-Dinnerware-from-Steelite-International
Molcajete and Salsa Bowls,Fiesta® Dinnerware from Steelite International Molcajete and Salsa Bowls,https://www.webstaurantstore.com/28401/salsa-bowls.html?vendor=Fiesta-Dinnerware-from-Steelite-International
Pitchers,Fiesta® Dinnerware from Steelite International Pitchers,https://www.webstaurantstore.com/4085/pitchers.html?vendor=Fiesta-Dinnerware-from-Steelite-International
Pizza Serving Trays,Fiesta® Dinnerware from Steelite International Pizza Serving Trays,https://www.webstaurantstore.com/24017/pizza-serving-trays.html?vendor=Fiesta-Dinnerware-from-Steelite-International
Ramekins and Sauce Cups,Fiesta® Dinnerware from Steelite International Ramekins and Sauce Cups,https://www.webstaurantstore.com/10397/ramekins-and-sauce-cups.html?vendor=Fiesta-Dinnerware-from-Steelite-International
Restaurant Creamers,Fiesta® Dinnerware from Steelite International Restaurant Creamers,https://www.webstaurantstore.com/4055/restaurant-creamers.html?vendor=Fiesta-Dinnerware-from-Steelite-International
Salt and Pepper Shakers and Mills,Fiesta® Dinnerware from Steelite International Salt and Pepper Shakers and Mills,https://www.webstaurantstore.com/53063/salt-and-pepper-shakers-and-mills.html?vendor=Fiesta-Dinnerware-from-Steelite-International
Serving and Display Bowls,Fiesta® Dinnerware from Steelite International Serving and Display Bowls,https://www.webstaurantstore.com/41969/serving-and-display-bowls.html?vendor=Fiesta-Dinnerware-from-Steelite-International
"Soup Mugs, Cups, Bowls, and Bouillon Cups","Fiesta® Dinnerware from Steelite International Soup Mugs, Cups, Bowls, and Bouillon Cups",https://www.webstaurantstore.com/3979/soup-mugs-cups-and-bowls.html?vendor=Fiesta-Dinnerware-from-Steelite-International
Sugar Caddies,Fiesta® Dinnerware from Steelite International Sugar Caddies,https://www.webstaurantstore.com/20267/sugar-caddies.html?vendor=Fiesta-Dinnerware-from-Steelite-International
18/8 & 18/10 Extra Heavy Weight Flatware,Folio by Steelite International 18/8 & 18/10 Extra Heavy Weight Flatware,https://www.webstaurantstore.com/54067/18-8-18-10-extra-heavy-weight-flatware.html?vendor=Folio-by-Steelite-International
Au Gratin Dishes / Rarebit Dishes,Folio by Steelite International Au Gratin Dishes / Rarebit Dishes,https://www.webstaurantstore.com/20313/au-gratin-dishes-platters.html?vendor=Folio-by-Steelite-International
China Bowls,Folio by Steelite International China Bowls,https://www.webstaurantstore.com/41999/china-bowls.html?vendor=Folio-by-Steelite-International
"China Cups, Mugs, and Saucers","Folio by Steelite International China Cups, Mugs, and Saucers",https://www.webstaurantstore.com/21915/china-cups-mugs-and-saucers.html?vendor=Folio-by-Steelite-International
China Plates,Folio by Steelite International China Plates,https://www.webstaurantstore.com/50537/china-plates.html?vendor=Folio-by-Steelite-International
China Platters and Trays,Folio by Steelite International China Platters and Trays,https://www.webstaurantstore.com/41995/china-platters-and-trays.html?vendor=Folio-by-Steelite-International
"Chinese Soup Spoons, Ladles, and Turners","Folio by Steelite International Chinese Soup Spoons, Ladles, and Turners",https://www.webstaurantstore.com/3677/chinese-soup-spoons-ladles-and-turners.html?vendor=Folio-by-Steelite-International
Floral / Scroll Flatware,Folio by Steelite International Floral / Scroll Flatware,https://www.webstaurantstore.com/54087/floral-scroll-flatware.html?vendor=Folio-by-Steelite-International
Folio Parliament from Steelite International Alpha Ceram Porcelain Dinnerware,Folio by Steelite International Folio Parliament from Steelite International Alpha Ceram Porcelain Dinnerware,https://www.webstaurantstore.com/69725/folio-parliament-from-steelite-international-alpha-ceram-porcelain-dinnerware.html
Folio Stratford from Steelite International Alpha Ceram Porcelain Dinnerware,Folio by Steelite International Folio Stratford from Steelite International Alpha Ceram Porcelain Dinnerware,https://www.webstaurantstore.com/69723/folio-stratford-from-steelite-international-alpha-ceram-porcelain-dinnerware.html
Forks,Folio by Steelite International Forks,https://www.webstaurantstore.com/51005/forks.html?vendor=Folio-by-Steelite-International
Gravy and Sauce Boats,Folio by Steelite International Gravy and Sauce Boats,https://www.webstaurantstore.com/4071/gravy-and-sauce-boats.html?vendor=Folio-by-Steelite-International
Knives,Folio by Steelite International Knives,https://www.webstaurantstore.com/51003/knives.html?vendor=Folio-by-Steelite-International
Mirror / Polished Flatware,Folio by Steelite International Mirror / Polished Flatware,https://www.webstaurantstore.com/54077/mirror-polished-flatware.html?vendor=Folio-by-Steelite-International
Porcelain Bowls,Folio by Steelite International Porcelain Bowls,https://www.webstaurantstore.com/50541/porcelain-bowls.html?vendor=Folio-by-Steelite-International
"Porcelain Cups, Mugs, and Saucers","Folio by Steelite International Porcelain Cups, Mugs, and Saucers",https://www.webstaurantstore.com/23007/porcelain-cups-mugs-and-saucers.html?vendor=Folio-by-Steelite-International
Porcelain Plates,Folio by Steelite International Porcelain Plates,https://www.webstaurantstore.com/50539/porcelain-plates.html?vendor=Folio-by-Steelite-International
Porcelain Platters and Trays,Folio by Steelite International Porcelain Platters and Trays,https://www.webstaurantstore.com/50543/porcelain-platters-and-trays.html?vendor=Folio-by-Steelite-International
Ramekins and Sauce Cups,Folio by Steelite International Ramekins and Sauce Cups,https://www.webstaurantstore.com/10397/ramekins-and-sauce-cups.html?vendor=Folio-by-Steelite-International
Restaurant Creamers,Folio by Steelite International Restaurant Creamers,https://www.webstaurantstore.com/4055/restaurant-creamers.html?vendor=Folio-by-Steelite-International
Salt and Pepper Shakers and Mills,Folio by Steelite International Salt and Pepper Shakers and Mills,https://www.webstaurantstore.com/53063/salt-and-pepper-shakers-and-mills.html?vendor=Folio-by-Steelite-International
Serving and Display Bowls,Folio by Steelite International Serving and Display Bowls,https://www.webstaurantstore.com/41969/serving-and-display-bowls.html?vendor=Folio-by-Steelite-International
Souffle / Creme Brulee Dishes,Folio by Steelite International Souffle / Creme Brulee Dishes,https://www.webstaurantstore.com/31483/souffle-creme-brulee-dishes.html?vendor=Folio-by-Steelite-International
"Soup Mugs, Cups, Bowls, and Bouillon Cups","Folio by Steelite International Soup Mugs, Cups, Bowls, and Bouillon Cups",https://www.webstaurantstore.com/3979/soup-mugs-cups-and-bowls.html?vendor=Folio-by-Steelite-International
Spoons,Folio by Steelite International Spoons,https://www.webstaurantstore.com/51001/spoons.html?vendor=Folio-by-Steelite-International
Sugar Caddies,Folio by Steelite International Sugar Caddies,https://www.webstaurantstore.com/20267/sugar-caddies.html?vendor=Folio-by-Steelite-International
Appetizer and Tasting Bowls,Hall China by Steelite International Appetizer and Tasting Bowls,https://www.webstaurantstore.com/42795/appetizer-and-tasting-bowls.html?vendor=Hall-China-by-Steelite-International
"Appetizer Plates, Trays and Platters","Hall China by Steelite International Appetizer Plates, Trays and Platters",https://www.webstaurantstore.com/42799/appetizer-and-tasting-plates.html?vendor=Hall-China-by-Steelite-International
Au Gratin Dishes / Rarebit Dishes,Hall China by Steelite International Au Gratin Dishes / Rarebit Dishes,https://www.webstaurantstore.com/20313/au-gratin-dishes-platters.html?vendor=Hall-China-by-Steelite-International
Bain Marie Pots and Vegetable Insets,Hall China by Steelite International Bain Marie Pots and Vegetable Insets,https://www.webstaurantstore.com/3109/bain-marie-pots-and-vegetable-insets.html?vendor=Hall-China-by-Steelite-International
Baking and Casserole Dishes,Hall China by Steelite International Baking and Casserole Dishes,https://www.webstaurantstore.com/20315/baking-and-casserole-dishes.html?vendor=Hall-China-by-Steelite-International
Bread and Butter Plates,Hall China by Steelite International Bread and Butter Plates,https://www.webstaurantstore.com/57077/bread-and-butter-plates.html?vendor=Hall-China-by-Steelite-International
Butter Melters,Hall China by Steelite International Butter Melters,https://www.webstaurantstore.com/4023/butter-melters.html?vendor=Hall-China-by-Steelite-International
Chafer Parts & Accessories,Hall China by Steelite International Chafer Parts & Accessories,https://www.webstaurantstore.com/47089/chafer-accessories.html?vendor=Hall-China-by-Steelite-International
China Bowls,Hall China by Steelite International China Bowls,https://www.webstaurantstore.com/41999/china-bowls.html?vendor=Hall-China-by-Steelite-International
"China Cups, Mugs, and Saucers","Hall China by Steelite International China Cups, Mugs, and Saucers",https://www.webstaurantstore.com/21915/china-cups-mugs-and-saucers.html?vendor=Hall-China-by-Steelite-International
China Plates,Hall China by Steelite International China Plates,https://www.webstaurantstore.com/50537/china-plates.html?vendor=Hall-China-by-Steelite-International
China Platters and Trays,Hall China by Steelite International China Platters and Trays,https://www.webstaurantstore.com/41995/china-platters-and-trays.html?vendor=Hall-China-by-Steelite-International
Display Food Pans,Hall China by Steelite International Display Food Pans,https://www.webstaurantstore.com/62289/display-food-pans.html?vendor=Hall-China-by-Steelite-International
Hall China by Steelite International Foundry China Dinnerware,Hall China by Steelite International Foundry China Dinnerware,https://www.webstaurantstore.com/49207/hall-china-foundry-china-dinnerware.html
French Onion Soup Bowls and Soup Crocks,Hall China by Steelite International French Onion Soup Bowls and Soup Crocks,https://www.webstaurantstore.com/20319/french-onion-soup-bowls-and-soup-crocks.html?vendor=Hall-China-by-Steelite-International
Gravy and Sauce Boats,Hall China by Steelite International Gravy and Sauce Boats,https://www.webstaurantstore.com/4071/gravy-and-sauce-boats.html?vendor=Hall-China-by-Steelite-International
Pizza Serving Trays,Hall China by Steelite International Pizza Serving Trays,https://www.webstaurantstore.com/24017/pizza-serving-trays.html?vendor=Hall-China-by-Steelite-International
Ramekins and Sauce Cups,Hall China by Steelite International Ramekins and Sauce Cups,https://www.webstaurantstore.com/10397/ramekins-and-sauce-cups.html?vendor=Hall-China-by-Steelite-International
Restaurant Creamers,Hall China by Steelite International Restaurant Creamers,https://www.webstaurantstore.com/4055/restaurant-creamers.html?vendor=Hall-China-by-Steelite-International
Salad Bar and Deli Crocks,Hall China by Steelite International Salad Bar and Deli Crocks,https://www.webstaurantstore.com/19107/salad-bar-crocks.html?vendor=Hall-China-by-Steelite-International
Serving and Display Bowls,Hall China by Steelite International Serving and Display Bowls,https://www.webstaurantstore.com/41969/serving-and-display-bowls.html?vendor=Hall-China-by-Steelite-International
Souffle and Creme Brulee Dishes,Hall China by Steelite International Souffle and Creme Brulee Dishes,https://www.webstaurantstore.com/31483/souffle-creme-brulee-dishes.html?vendor=Hall-China-by-Steelite-International
"Soup Mugs, Cups, Bowls, and Bouillon Cups","Hall China by Steelite International Soup Mugs, Cups, Bowls, and Bouillon Cups",https://www.webstaurantstore.com/3979/soup-mugs-cups-and-bowls.html?vendor=Hall-China-by-Steelite-International
Sugar Caddies,Hall China by Steelite International Sugar Caddies,https://www.webstaurantstore.com/20267/sugar-caddies.html?vendor=Hall-China-by-Steelite-International
Teapots,Hall China by Steelite International Teapots,https://www.webstaurantstore.com/4029/teapots.html?vendor=Hall-China-by-Steelite-International
"/ Hall China Sepia™, Pesto®, and Indigo™ China Dinnerware","Homer Laughlin by Steelite International / Hall China Sepia™, Pesto®, and Indigo™ China Dinnerware",https://www.webstaurantstore.com/54647/homer-laughlin-sepia-pesto-and-indigo-china-dinnerware.html
Alexa White China Dinnerware,Homer Laughlin by Steelite International Alexa White China Dinnerware,https://www.webstaurantstore.com/3803/homer-laughlin-alexa-ameriwhite-bright-white-china-dinnerware.html
American Rose Red China Dinnerware,Homer Laughlin by Steelite International American Rose Red China Dinnerware,https://www.webstaurantstore.com/54771/homer-laughlin-american-rose-red-china-dinnerware.html
Americana Bright White China Dinnerware,Homer Laughlin by Steelite International Americana Bright White China Dinnerware,https://www.webstaurantstore.com/54779/homer-laughlin-americana-bright-white-china-dinnerware.html
Americana Ivory China Dinnerware,Homer Laughlin by Steelite International Americana Ivory China Dinnerware,https://www.webstaurantstore.com/54781/homer-laughlin-americana-ivory-china-dinnerware.html
Appetizer and Tasting Bowls,Homer Laughlin by Steelite International Appetizer and Tasting Bowls,https://www.webstaurantstore.com/42795/appetizer-and-tasting-bowls.html?vendor=Homer-Laughlin-by-Steelite-International
Baking and Casserole Dishes,Homer Laughlin by Steelite International Baking and Casserole Dishes,https://www.webstaurantstore.com/20315/baking-and-casserole-dishes.html?vendor=Homer-Laughlin-by-Steelite-International
Black Checkers China Dinnerware,Homer Laughlin by Steelite International Black Checkers China Dinnerware,https://www.webstaurantstore.com/3805/homer-laughlin-checkers-china-dinnerware.html
Bread and Butter Plates,Homer Laughlin by Steelite International Bread and Butter Plates,https://www.webstaurantstore.com/57077/bread-and-butter-plates.html?vendor=Homer-Laughlin-by-Steelite-International
Cafe Robusta Arctic Bright White China Dinnerware,Homer Laughlin by Steelite International Cafe Robusta Arctic Bright White China Dinnerware,https://www.webstaurantstore.com/54817/homer-laughlin-cafe-robusta-arctic-bright-white-china-dinnerware-and-beverageware.html
Carolyn Ivory China Dinnerware,Homer Laughlin by Steelite International Carolyn Ivory China Dinnerware,https://www.webstaurantstore.com/51393/homer-laughlin-carolyn-ivory-american-white-china-dinnerware.html
China Bowls,Homer Laughlin by Steelite International China Bowls,https://www.webstaurantstore.com/41999/china-bowls.html?vendor=Homer-Laughlin-by-Steelite-International
"China Cups, Mugs, and Saucers","Homer Laughlin by Steelite International China Cups, Mugs, and Saucers",https://www.webstaurantstore.com/21915/china-cups-mugs-and-saucers.html?vendor=Homer-Laughlin-by-Steelite-International
China Plates,Homer Laughlin by Steelite International China Plates,https://www.webstaurantstore.com/50537/china-plates.html?vendor=Homer-Laughlin-by-Steelite-International
China Platters and Trays,Homer Laughlin by Steelite International China Platters and Trays,https://www.webstaurantstore.com/41995/china-platters-and-trays.html?vendor=Homer-Laughlin-by-Steelite-International
Empire Ivory China Dinnerware,Homer Laughlin by Steelite International Empire Ivory China Dinnerware,https://www.webstaurantstore.com/47949/homer-laughlin-empire-ivory-american-white-china-dinnerware.html
Espresso Cups,Homer Laughlin by Steelite International Espresso Cups,https://www.webstaurantstore.com/42693/espresso-cups.html?vendor=Homer-Laughlin-by-Steelite-International
Flipside Ivory China Dinnerware,Homer Laughlin by Steelite International Flipside Ivory China Dinnerware,https://www.webstaurantstore.com/51287/homer-laughlin-flipside-ivory-american-white-china-dinnerware.html
Gothic Ivory China Dinnerware,Homer Laughlin by Steelite International Gothic Ivory China Dinnerware,https://www.webstaurantstore.com/3811/homer-laughlin-gothic-ivory-american-white-china-dinnerware.html
Green Band Rolled Edge China Dinnerware,Homer Laughlin by Steelite International Green Band Rolled Edge China Dinnerware,https://www.webstaurantstore.com/47733/homer-laughlin-green-band-rolled-edge-china-dinnerware.html
Homer Laughlin Ivory Woodland by Steelite International China Dinnerware,Homer Laughlin by Steelite International Homer Laughlin Ivory Woodland by Steelite International China Dinnerware,https://www.webstaurantstore.com/353661/homer-laughlin-ivory-woodland-by-steelite-international-china-dinnerware.html
Kensington White China Dinnerware,Homer Laughlin by Steelite International Kensington White China Dinnerware,https://www.webstaurantstore.com/3813/homer-laughlin-kensington-ameriwhite-bright-white-china-dinnerware.html
Lyrica Ivory China Dinnerware,Homer Laughlin by Steelite International Lyrica Ivory China Dinnerware,https://www.webstaurantstore.com/3815/homer-laughlin-lyrica-ivory-american-white-china-dinnerware.html
Narrow Rim Ivory China Dinnerware,Homer Laughlin by Steelite International Narrow Rim Ivory China Dinnerware,https://www.webstaurantstore.com/3817/homer-laughlin-narrow-rim-ivory-american-white-china-dinnerware.html
Pristine White China Dinnerware,Homer Laughlin by Steelite International Pristine White China Dinnerware,https://www.webstaurantstore.com/3819/homer-laughlin-pristine-ameriwhite-bright-white-china-dinnerware.html
Ramekins and Sauce Cups,Homer Laughlin by Steelite International Ramekins and Sauce Cups,https://www.webstaurantstore.com/10397/ramekins-and-sauce-cups.html?vendor=Homer-Laughlin-by-Steelite-International
RE-21 Ivory China Dinnerware,Homer Laughlin by Steelite International RE-21 Ivory China Dinnerware,https://www.webstaurantstore.com/47725/homer-laughlin-re-21-ivory-american-white-china-dinnerware.html
Restaurant Creamers,Homer Laughlin by Steelite International Restaurant Creamers,https://www.webstaurantstore.com/4055/restaurant-creamers.html?vendor=Homer-Laughlin-by-Steelite-International
Rolled Edge China,Homer Laughlin by Steelite International Rolled Edge China,https://www.webstaurantstore.com/3821/homer-laughlin-rolled-edge-ivory-american-white-china-dinnerware.html
Sake Cups and Bottles,Homer Laughlin by Steelite International Sake Cups and Bottles,https://www.webstaurantstore.com/18141/sake-cups-and-bottles.html?vendor=Homer-Laughlin-by-Steelite-International
Serving and Display Bowls,Homer Laughlin by Steelite International Serving and Display Bowls,https://www.webstaurantstore.com/41969/serving-and-display-bowls.html?vendor=Homer-Laughlin-by-Steelite-International
Seville Ivory China Dinnerware,Homer Laughlin by Steelite International Seville Ivory China Dinnerware,https://www.webstaurantstore.com/47947/homer-laughlin-seville-ivory-american-white-china-dinnerware.html
"Soup Mugs, Cups, Bowls, and Bouillon Cups","Homer Laughlin by Steelite International Soup Mugs, Cups, Bowls, and Bouillon Cups",https://www.webstaurantstore.com/3979/soup-mugs-cups-and-bowls.html?vendor=Homer-Laughlin-by-Steelite-International
Styleline China Dinnerware,Homer Laughlin by Steelite International Styleline China Dinnerware,https://www.webstaurantstore.com/54759/homer-laughlin-styleline-china-dinnerware.html
Sugar Caddies,Homer Laughlin by Steelite International Sugar Caddies,https://www.webstaurantstore.com/20267/sugar-caddies.html?vendor=Homer-Laughlin-by-Steelite-International
Teapots,Homer Laughlin by Steelite International Teapots,https://www.webstaurantstore.com/4029/teapots.html?vendor=Homer-Laughlin-by-Steelite-International
Unique Ameriwhite Bright White China Dinnerware,Homer Laughlin by Steelite International Unique Ameriwhite Bright White China Dinnerware,https://www.webstaurantstore.com/54803/homer-laughlin-unique-ameriwhite-bright-white-china-dinnerware.html
Unique Ivory (American White) China Dinnerware,Homer Laughlin by Steelite International Unique Ivory (American White) China Dinnerware,https://www.webstaurantstore.com/54801/homer-laughlin-unique-ivory-american-white-china-dinnerware.html
Bread and Butter Plates,Robert Gordon by Steelite International Bread and Butter Plates,https://www.webstaurantstore.com/57077/bread-and-butter-plates.html?vendor=Robert-Gordon-by-Steelite-International
China Bowls,Robert Gordon by Steelite International China Bowls,https://www.webstaurantstore.com/41999/china-bowls.html?vendor=Robert-Gordon-by-Steelite-International
"China Cups, Mugs, and Saucers","Robert Gordon by Steelite International China Cups, Mugs, and Saucers",https://www.webstaurantstore.com/21915/china-cups-mugs-and-saucers.html?vendor=Robert-Gordon-by-Steelite-International
China Plates,Robert Gordon by Steelite International China Plates,https://www.webstaurantstore.com/50537/china-plates.html?vendor=Robert-Gordon-by-Steelite-International
China Platters and Trays,Robert Gordon by Steelite International China Platters and Trays,https://www.webstaurantstore.com/41995/china-platters-and-trays.html?vendor=Robert-Gordon-by-Steelite-International
Espresso Cups,Robert Gordon by Steelite International Espresso Cups,https://www.webstaurantstore.com/42693/espresso-cups.html?vendor=Robert-Gordon-by-Steelite-International
French Fry Holders,Robert Gordon by Steelite International French Fry Holders,https://www.webstaurantstore.com/51931/french-fry-holders.html?vendor=Robert-Gordon-by-Steelite-International
French Onion Soup Bowls and Soup Crocks,Robert Gordon by Steelite International French Onion Soup Bowls and Soup Crocks,https://www.webstaurantstore.com/20319/french-onion-soup-bowls-and-soup-crocks.html?vendor=Robert-Gordon-by-Steelite-International
Porcelain Bowls,Robert Gordon by Steelite International Porcelain Bowls,https://www.webstaurantstore.com/50541/porcelain-bowls.html?vendor=Robert-Gordon-by-Steelite-International
"Porcelain Cups, Mugs, and Saucers","Robert Gordon by Steelite International Porcelain Cups, Mugs, and Saucers",https://www.webstaurantstore.com/23007/porcelain-cups-mugs-and-saucers.html?vendor=Robert-Gordon-by-Steelite-International
Porcelain Plates,Robert Gordon by Steelite International Porcelain Plates,https://www.webstaurantstore.com/50539/porcelain-plates.html?vendor=Robert-Gordon-by-Steelite-International
Porcelain Platters and Trays,Robert Gordon by Steelite International Porcelain Platters and Trays,https://www.webstaurantstore.com/50543/porcelain-platters-and-trays.html?vendor=Robert-Gordon-by-Steelite-International
Ramekins and Sauce Cups,Robert Gordon by Steelite International Ramekins and Sauce Cups,https://www.webstaurantstore.com/10397/ramekins-and-sauce-cups.html?vendor=Robert-Gordon-by-Steelite-International
Restaurant Creamers,Robert Gordon by Steelite International Restaurant Creamers,https://www.webstaurantstore.com/4055/restaurant-creamers.html?vendor=Robert-Gordon-by-Steelite-International
Robert Gordon Adelaide from Steelite International,Robert Gordon by Steelite International Robert Gordon Adelaide from Steelite International,https://www.webstaurantstore.com/353542/robert-gordon-adelaide-from-steelite-international.html
Robert Gordon Forager from Steelite International,Robert Gordon by Steelite International Robert Gordon Forager from Steelite International,https://www.webstaurantstore.com/353541/robert-gordon-forager-from-steelite-international.html
Robert Gordon Potter's Collection from Steelite International,Robert Gordon by Steelite International Robert Gordon Potter's Collection from Steelite International,https://www.webstaurantstore.com/353540/robert-gordon-potters-collection-from-steelite-international.html
Serving and Display Bowls,Robert Gordon by Steelite International Serving and Display Bowls,https://www.webstaurantstore.com/41969/serving-and-display-bowls.html?vendor=Robert-Gordon-by-Steelite-International
"Soup Mugs, Cups, Bowls, and Bouillon Cups","Robert Gordon by Steelite International Soup Mugs, Cups, Bowls, and Bouillon Cups",https://www.webstaurantstore.com/3979/soup-mugs-cups-and-bowls.html?vendor=Robert-Gordon-by-Steelite-International
Stoneware Bowls,Robert Gordon by Steelite International Stoneware Bowls,https://www.webstaurantstore.com/50887/stoneware-bowls.html?vendor=Robert-Gordon-by-Steelite-International
"Stoneware Cups, Mugs, and Saucers","Robert Gordon by Steelite International Stoneware Cups, Mugs, and Saucers",https://www.webstaurantstore.com/50893/stoneware-cups-mugs-and-saucers.html?vendor=Robert-Gordon-by-Steelite-International
Stoneware Plates,Robert Gordon by Steelite International Stoneware Plates,https://www.webstaurantstore.com/50889/stoneware-plates.html?vendor=Robert-Gordon-by-Steelite-International
Stoneware Platters and Trays,Robert Gordon by Steelite International Stoneware Platters and Trays,https://www.webstaurantstore.com/50891/stoneware-platters-and-trays.html?vendor=Robert-Gordon-by-Steelite-International
Sugar Caddies,Robert Gordon by Steelite International Sugar Caddies,https://www.webstaurantstore.com/20267/sugar-caddies.html?vendor=Robert-Gordon-by-Steelite-International
Steelite Distinction Alina China Dinnerware,Steelite Distinction Alina China Dinnerware,https://www.webstaurantstore.com/353304/steelite-distinction-alina-china-dinnerware.html
Steelite Distinction Alvo China Dinnerware,Steelite Distinction Alvo China Dinnerware,https://www.webstaurantstore.com/353224/steelite-distinction-alvo-china-dinnerware.html
Steelite Distinction Antoinette China Dinnerware,Steelite Distinction Antoinette China Dinnerware,https://www.webstaurantstore.com/353296/steelite-distinction-antoinette-china-dinnerware.html
Appetizer and Tasting Bowls,Steelite Distinction Appetizer and Tasting Bowls,https://www.webstaurantstore.com/42795/appetizer-and-tasting-bowls.html?vendor=Steelite-Distinction
Steelite Distinction Axis China Dinnerware,Steelite Distinction Axis China Dinnerware,https://www.webstaurantstore.com/70055/steelite-distinction-axis-china-dinnerware.html
Steelite Distinction Bianco China Dinnerware,Steelite Distinction Bianco China Dinnerware,https://www.webstaurantstore.com/353302/steelite-distinction-bianco-china-dinnerware.html
Bread and Butter Plates,Steelite Distinction Bread and Butter Plates,https://www.webstaurantstore.com/57077/bread-and-butter-plates.html?vendor=Steelite-Distinction
Bud Vases and Accent Vases,Steelite Distinction Bud Vases and Accent Vases,https://www.webstaurantstore.com/4021/bud-vases-and-accent-vases.html?vendor=Steelite-Distinction
China Bowls,Steelite Distinction China Bowls,https://www.webstaurantstore.com/41999/china-bowls.html?vendor=Steelite-Distinction
"China Cups, Mugs, and Saucers","Steelite Distinction China Cups, Mugs, and Saucers",https://www.webstaurantstore.com/21915/china-cups-mugs-and-saucers.html?vendor=Steelite-Distinction
China Plates,Steelite Distinction China Plates,https://www.webstaurantstore.com/50537/china-plates.html?vendor=Steelite-Distinction
China Platters and Trays,Steelite Distinction China Platters and Trays,https://www.webstaurantstore.com/41995/china-platters-and-trays.html?vendor=Steelite-Distinction
Steelite Distinction Contour China Dinnerware,Steelite Distinction Contour China Dinnerware,https://www.webstaurantstore.com/69919/steelite-distinction-contour-china-dinnerware.html
Egg Plates and Egg Cups,Steelite Distinction Egg Plates and Egg Cups,https://www.webstaurantstore.com/20251/egg-plates-and-egg-cups.html?vendor=Steelite-Distinction
Espresso Cups,Steelite Distinction Espresso Cups,https://www.webstaurantstore.com/42693/espresso-cups.html?vendor=Steelite-Distinction
Steelite Distinction Float China Dinnerware,Steelite Distinction Float China Dinnerware,https://www.webstaurantstore.com/353312/steelite-distinction-float-china-dinnerware.html
Gravy and Sauce Boats,Steelite Distinction Gravy and Sauce Boats,https://www.webstaurantstore.com/4071/gravy-and-sauce-boats.html?vendor=Steelite-Distinction
Steelite Distinction Koto China Dinnerware,Steelite Distinction Koto China Dinnerware,https://www.webstaurantstore.com/70057/steelite-distinction-koto-china-dinnerware.html
Steelite Distinction Metro China Dinnerware,Steelite Distinction Metro China Dinnerware,https://www.webstaurantstore.com/353298/steelite-distinction-metro-china-dinnerware.html
Steelite Distinction Monaco Vogue China Dinnerware,Steelite Distinction Monaco Vogue China Dinnerware,https://www.webstaurantstore.com/69721/steelite-distinction-monaco-vogue-china-dinnerware.html
Steelite Distinction Monique China Dinnerware,Steelite Distinction Monique China Dinnerware,https://www.webstaurantstore.com/353308/steelite-distinction-monique-china-dinnerware.html
Steelite Distinction Neo China Dinnerware,Steelite Distinction Neo China Dinnerware,https://www.webstaurantstore.com/353306/steelite-distinction-neo-china-dinnerware.html
Steelite Distinction Organics China Dinnerware,Steelite Distinction Organics China Dinnerware,https://www.webstaurantstore.com/353310/steelite-distinction-organics-china-dinnerware.html
Pitchers,Steelite Distinction Pitchers,https://www.webstaurantstore.com/4085/pitchers.html?vendor=Steelite-Distinction
Ramekins and Sauce Cups,Steelite Distinction Ramekins and Sauce Cups,https://www.webstaurantstore.com/10397/ramekins-and-sauce-cups.html?vendor=Steelite-Distinction
Restaurant Creamers,Steelite Distinction Restaurant Creamers,https://www.webstaurantstore.com/4055/restaurant-creamers.html?vendor=Steelite-Distinction
Salt and Pepper Shakers and Mills,Steelite Distinction Salt and Pepper Shakers and Mills,https://www.webstaurantstore.com/53063/salt-and-pepper-shakers-and-mills.html?vendor=Steelite-Distinction
Serving and Display Bowls,Steelite Distinction Serving and Display Bowls,https://www.webstaurantstore.com/41969/serving-and-display-bowls.html?vendor=Steelite-Distinction
Steelite Distinction Sheer China Dinnerware,Steelite Distinction Sheer China Dinnerware,https://www.webstaurantstore.com/70059/steelite-distinction-sheer-china-dinnerware.html
"Soup Mugs, Cups, Bowls, and Bouillon Cups","Steelite Distinction Soup Mugs, Cups, Bowls, and Bouillon Cups",https://www.webstaurantstore.com/3979/soup-mugs-cups-and-bowls.html?vendor=Steelite-Distinction
Steelite Distinction Spyro China Dinnerware,Steelite Distinction Spyro China Dinnerware,https://www.webstaurantstore.com/353300/steelite-distinction-spyro-china-dinnerware.html
Sugar Caddies,Steelite Distinction Sugar Caddies,https://www.webstaurantstore.com/20267/sugar-caddies.html?vendor=Steelite-Distinction
Teapots,Steelite Distinction Teapots,https://www.webstaurantstore.com/4029/teapots.html?vendor=Steelite-Distinction
Steelite Distinction Willow China Dinnerware,Steelite Distinction Willow China Dinnerware,https://www.webstaurantstore.com/69759/steelite-distinction-willow-china-dinnerware.html
Salt and Pepper Shakers and Mills,Steelite International Salt and Pepper Shakers and Mills,https://www.webstaurantstore.com/53063/salt-and-pepper-shakers-and-mills.html?vendor=Steelite-International
"Appetizer Plates, Trays and Platters","Steelite Performance Appetizer Plates, Trays and Platters",https://www.webstaurantstore.com/42799/appetizer-and-tasting-plates.html?vendor=Steelite-Performance
Ashtrays and Cigar Accessories,Steelite Performance Ashtrays and Cigar Accessories,https://www.webstaurantstore.com/3997/ashtrays.html?vendor=Steelite-Performance
Au Gratin Dishes / Rarebit Dishes,Steelite Performance Au Gratin Dishes / Rarebit Dishes,https://www.webstaurantstore.com/20313/au-gratin-dishes-platters.html?vendor=Steelite-Performance
Baking and Casserole Dishes,Steelite Performance Baking and Casserole Dishes,https://www.webstaurantstore.com/20315/baking-and-casserole-dishes.html?vendor=Steelite-Performance
Steelite Performance Blue Dapple China Dinnerware,Steelite Performance Blue Dapple China Dinnerware,https://www.webstaurantstore.com/69925/steelite-performance-brown-dapple-china-dinnerware.html
Steelite Performance Brown Dapple China Dinnerware,Steelite Performance Brown Dapple China Dinnerware,https://www.webstaurantstore.com/69623/steelite-performance-brown-dapple-china-dinnerware.html
Bud Vases and Accent Vases,Steelite Performance Bud Vases and Accent Vases,https://www.webstaurantstore.com/4021/bud-vases-and-accent-vases.html?vendor=Steelite-Performance
Butter Dishes / Servers,Steelite Performance Butter Dishes / Servers,https://www.webstaurantstore.com/4033/butter-dishes-servers.html?vendor=Steelite-Performance
China Bowls,Steelite Performance China Bowls,https://www.webstaurantstore.com/41999/china-bowls.html?vendor=Steelite-Performance
"China Cups, Mugs, and Saucers","Steelite Performance China Cups, Mugs, and Saucers",https://www.webstaurantstore.com/21915/china-cups-mugs-and-saucers.html?vendor=Steelite-Performance
China Plates,Steelite Performance China Plates,https://www.webstaurantstore.com/50537/china-plates.html?vendor=Steelite-Performance
China Platters and Trays,Steelite Performance China Platters and Trays,https://www.webstaurantstore.com/41995/china-platters-and-trays.html?vendor=Steelite-Performance
Steelite Performance Craft China Dinnerware,Steelite Performance Craft China Dinnerware,https://www.webstaurantstore.com/69719/steelite-performance-craft-china-dinnerware.html
Egg Plates and Egg Cups,Steelite Performance Egg Plates and Egg Cups,https://www.webstaurantstore.com/20251/egg-plates-and-egg-cups.html?vendor=Steelite-Performance
French Onion Soup Bowls and Soup Crocks,Steelite Performance French Onion Soup Bowls and Soup Crocks,https://www.webstaurantstore.com/20319/french-onion-soup-bowls-and-soup-crocks.html?vendor=Steelite-Performance
Gravy and Sauce Boats,Steelite Performance Gravy and Sauce Boats,https://www.webstaurantstore.com/4071/gravy-and-sauce-boats.html?vendor=Steelite-Performance
Steelite Performance Liv China Dinnerware,Steelite Performance Liv China Dinnerware,https://www.webstaurantstore.com/353174/steelite-performance-liv-china-dinnerware.html
Steelite Performance Nordic China Dinnerware,Steelite Performance Nordic China Dinnerware,https://www.webstaurantstore.com/353168/steelite-performance-nordic-china-dinnerware.html
Oil & Vinegar Cruets,Steelite Performance Oil & Vinegar Cruets,https://www.webstaurantstore.com/4043/oil-vinegar-cruets.html?vendor=Steelite-Performance
Pitchers,Steelite Performance Pitchers,https://www.webstaurantstore.com/4085/pitchers.html?vendor=Steelite-Performance
Pizza Serving Trays,Steelite Performance Pizza Serving Trays,https://www.webstaurantstore.com/24017/pizza-serving-trays.html?vendor=Steelite-Performance
Ramekins and Sauce Cups,Steelite Performance Ramekins and Sauce Cups,https://www.webstaurantstore.com/10397/ramekins-and-sauce-cups.html?vendor=Steelite-Performance
Restaurant Creamers,Steelite Performance Restaurant Creamers,https://www.webstaurantstore.com/4055/restaurant-creamers.html?vendor=Steelite-Performance
Salt and Pepper Shakers and Mills,Steelite Performance Salt and Pepper Shakers and Mills,https://www.webstaurantstore.com/53063/salt-and-pepper-shakers-and-mills.html?vendor=Steelite-Performance
Serving and Display Bowls,Steelite Performance Serving and Display Bowls,https://www.webstaurantstore.com/41969/serving-and-display-bowls.html?vendor=Steelite-Performance
Steelite Performance Simplicity China Dinnerware,Steelite Performance Simplicity China Dinnerware,https://www.webstaurantstore.com/70035/steelite-performance-simplicity-china-dinnerware.html
"Soup Mugs, Cups, Bowls, and Bouillon Cups","Steelite Performance Soup Mugs, Cups, Bowls, and Bouillon Cups",https://www.webstaurantstore.com/3979/soup-mugs-cups-and-bowls.html?vendor=Steelite-Performance
Sugar Caddies,Steelite Performance Sugar Caddies,https://www.webstaurantstore.com/20267/sugar-caddies.html?vendor=Steelite-Performance
Steelite Performance Taste China Dinnerware,Steelite Performance Taste China Dinnerware,https://www.webstaurantstore.com/353166/steelite-performance-taste-china-dinnerware.html
Teapots,Steelite Performance Teapots,https://www.webstaurantstore.com/4029/teapots.html?vendor=Steelite-Performance
Bitters Bottles,Utopia by Steelite International Bitters Bottles,https://www.webstaurantstore.com/56695/bitters-bottles.html?vendor=Utopia-by-Steelite-International
Condiment Bars,Utopia by Steelite International Condiment Bars,https://www.webstaurantstore.com/13529/countertop-condiment-holders.html?vendor=Utopia-by-Steelite-International
Display Risers and Display Stands,Utopia by Steelite International Display Risers and Display Stands,https://www.webstaurantstore.com/33831/display-risers-and-display-stands.html?vendor=Utopia-by-Steelite-International
Glass Beverage Dispensers,Utopia by Steelite International Glass Beverage Dispensers,https://www.webstaurantstore.com/46617/glass-beverage-dispensers.html?vendor=Utopia-by-Steelite-International
Soda Siphons and Soda Chargers,Utopia by Steelite International Soda Siphons and Soda Chargers,https://www.webstaurantstore.com/2579/soda-siphons-and-soda-chargers.html?vendor=Utopia-by-Steelite-International
Teapots,Utopia by Steelite International Teapots,https://www.webstaurantstore.com/4029/teapots.html?vendor=Utopia-by-Steelite-International
18/0 Heavy Weight Flatware,Varick by Steelite International 18/0 Heavy Weight Flatware,https://www.webstaurantstore.com/54063/18-0-heavy-weight-flatware.html?vendor=Varick-by-Steelite-International
Au Gratin Dishes / Rarebit Dishes,Varick by Steelite International Au Gratin Dishes / Rarebit Dishes,https://www.webstaurantstore.com/20313/au-gratin-dishes-platters.html?vendor=Varick-by-Steelite-International
Baking and Casserole Dishes,Varick by Steelite International Baking and Casserole Dishes,https://www.webstaurantstore.com/20315/baking-and-casserole-dishes.html?vendor=Varick-by-Steelite-International
Bead Border / Beaded Flatware,Varick by Steelite International Bead Border / Beaded Flatware,https://www.webstaurantstore.com/54083/bead-border-beaded-flatware.html?vendor=Varick-by-Steelite-International
China Bowls,Varick by Steelite International China Bowls,https://www.webstaurantstore.com/41999/china-bowls.html?vendor=Varick-by-Steelite-International
"China Cups, Mugs, and Saucers","Varick by Steelite International China Cups, Mugs, and Saucers",https://www.webstaurantstore.com/21915/china-cups-mugs-and-saucers.html?vendor=Varick-by-Steelite-International
China Plates,Varick by Steelite International China Plates,https://www.webstaurantstore.com/50537/china-plates.html?vendor=Varick-by-Steelite-International
China Platters and Trays,Varick by Steelite International China Platters and Trays,https://www.webstaurantstore.com/41995/china-platters-and-trays.html?vendor=Varick-by-Steelite-International
Colored Handle Flatware,Varick by Steelite International Colored Handle Flatware,https://www.webstaurantstore.com/54069/colored-handle-flatware.html?vendor=Varick-by-Steelite-International
Distressed Flatware,Varick by Steelite International Distressed Flatware,https://www.webstaurantstore.com/54071/distressed-flatware.html?vendor=Varick-by-Steelite-International
Floral / Scroll Flatware,Varick by Steelite International Floral / Scroll Flatware,https://www.webstaurantstore.com/54087/floral-scroll-flatware.html?vendor=Varick-by-Steelite-International
Forks,Varick by Steelite International Forks,https://www.webstaurantstore.com/51005/forks.html?vendor=Varick-by-Steelite-International
Gold / Gold Accented Flatware,Varick by Steelite International Gold / Gold Accented Flatware,https://www.webstaurantstore.com/54073/gold-gold-accented-flatware.html?vendor=Varick-by-Steelite-International
Hammered Flatware,Varick by Steelite International Hammered Flatware,https://www.webstaurantstore.com/54089/hammered-flatware.html?vendor=Varick-by-Steelite-International
Knives,Varick by Steelite International Knives,https://www.webstaurantstore.com/51003/knives.html?vendor=Varick-by-Steelite-International
Mirror / Polished Flatware,Varick by Steelite International Mirror / Polished Flatware,https://www.webstaurantstore.com/54077/mirror-polished-flatware.html?vendor=Varick-by-Steelite-International
Modern Flatware,Varick by Steelite International Modern Flatware,https://www.webstaurantstore.com/54091/modern-flatware.html?vendor=Varick-by-Steelite-International
Nautical / Shell Design Flatware,Varick by Steelite International Nautical / Shell Design Flatware,https://www.webstaurantstore.com/54093/nautical-shell-design-flatware.html?vendor=Varick-by-Steelite-International
Oval / English Teardrop,Varick by Steelite International Oval / English Teardrop,https://www.webstaurantstore.com/54097/simple-casual-flatware.html?vendor=Varick-by-Steelite-International
Porcelain Bowls,Varick by Steelite International Porcelain Bowls,https://www.webstaurantstore.com/50541/porcelain-bowls.html?vendor=Varick-by-Steelite-International
"Porcelain Cups, Mugs, and Saucers","Varick by Steelite International Porcelain Cups, Mugs, and Saucers",https://www.webstaurantstore.com/23007/porcelain-cups-mugs-and-saucers.html?vendor=Varick-by-Steelite-International
Porcelain Platters and Trays,Varick by Steelite International Porcelain Platters and Trays,https://www.webstaurantstore.com/50543/porcelain-platters-and-trays.html?vendor=Varick-by-Steelite-International
Ramekins and Sauce Cups,Varick by Steelite International Ramekins and Sauce Cups,https://www.webstaurantstore.com/10397/ramekins-and-sauce-cups.html?vendor=Varick-by-Steelite-International
Restaurant Creamers,Varick by Steelite International Restaurant Creamers,https://www.webstaurantstore.com/4055/restaurant-creamers.html?vendor=Varick-by-Steelite-International
Rimmed Handle Flatware,Varick by Steelite International Rimmed Handle Flatware,https://www.webstaurantstore.com/54095/rimmed-handle-flatware.html?vendor=Varick-by-Steelite-International
Sake Cups and Bottles,Varick by Steelite International Sake Cups and Bottles,https://www.webstaurantstore.com/18141/sake-cups-and-bottles.html?vendor=Varick-by-Steelite-International
Satin / Brushed / Matte Flatware,Varick by Steelite International Satin / Brushed / Matte Flatware,https://www.webstaurantstore.com/54079/satin-frosted-brushed-flatware.html?vendor=Varick-by-Steelite-International
Souffle / Creme Brulee Dishes,Varick by Steelite International Souffle / Creme Brulee Dishes,https://www.webstaurantstore.com/31483/souffle-creme-brulee-dishes.html?vendor=Varick-by-Steelite-International
Spoons,Varick by Steelite International Spoons,https://www.webstaurantstore.com/51001/spoons.html?vendor=Varick-by-Steelite-International
Steak Knives,Varick by Steelite International Steak Knives,https://www.webstaurantstore.com/2877/steak-knives.html?vendor=Varick-by-Steelite-International
Sugar Caddies,Varick by Steelite International Sugar Caddies,https://www.webstaurantstore.com/20267/sugar-caddies.html?vendor=Varick-by-Steelite-International
Textured Handle Flatware,Varick by Steelite International Textured Handle Flatware,https://www.webstaurantstore.com/54099/textured-handle-flatware.html?vendor=Varick-by-Steelite-International
Varick A La Carte from Steelite International Porcelain Dinnerware,Varick by Steelite International Varick A La Carte from Steelite International Porcelain Dinnerware,https://www.webstaurantstore.com/69269/varick-a-la-carte-from-steelite-international.html
Varick Bistro from Steelite International Porcelain Dinnerware,Varick by Steelite International Varick Bistro from Steelite International Porcelain Dinnerware,https://www.webstaurantstore.com/69271/varick-bistro-from-steelite-international.html
Varick Classic Cafe from Steelite International Porcelain Dinnerware,Varick by Steelite International Varick Classic Cafe from Steelite International Porcelain Dinnerware,https://www.webstaurantstore.com/69273/varick-classic-cafe-from-steelite-international.html
Varick from Steelite International Flatware,Varick by Steelite International Varick from Steelite International Flatware,https://www.webstaurantstore.com/70049/varick-from-steelite-international-flatware.html
Varick Pub from Steelite International Porcelain Dinnerware,Varick by Steelite International Varick Pub from Steelite International Porcelain Dinnerware,https://www.webstaurantstore.com/69275/varick-pub-from-steelite-international.html
18/0 Extra Heavy Weight Flatware,Walco 18/0 Extra Heavy Weight Flatware,https://www.webstaurantstore.com/57467/18-0-extra-heavy-weight-flatware.html?vendor=Walco
18/0 Heavy Weight Flatware,Walco 18/0 Heavy Weight Flatware,https://www.webstaurantstore.com/54063/18-0-heavy-weight-flatware.html?vendor=Walco
18/0 Medium Weight Flatware,Walco 18/0 Medium Weight Flatware,https://www.webstaurantstore.com/54065/18-0-medium-weight-flatware.html?vendor=Walco
18/8 & 18/10 Extra Heavy Weight Flatware,Walco 18/8 & 18/10 Extra Heavy Weight Flatware,https://www.webstaurantstore.com/54067/18-8-18-10-extra-heavy-weight-flatware.html?vendor=Walco
Baguette Flatware,Walco Baguette Flatware,https://www.webstaurantstore.com/54081/baguette-english-teardrop-flatware.html?vendor=Walco
Bead Border / Beaded Flatware,Walco Bead Border / Beaded Flatware,https://www.webstaurantstore.com/54083/bead-border-beaded-flatware.html?vendor=Walco
Chafer Parts & Accessories,Walco Chafer Parts & Accessories,https://www.webstaurantstore.com/47089/chafer-accessories.html?vendor=Walco
Chafing Dishes,Walco Chafing Dishes,https://www.webstaurantstore.com/42675/chafing-dishes.html?vendor=Walco
Cheese Knives and Cheese Buttons,Walco Cheese Knives and Cheese Buttons,https://www.webstaurantstore.com/2833/cheese-knives-and-cheese-buttons.html?vendor=Walco
Coffee Carafes and Decanters,Walco Coffee Carafes and Decanters,https://www.webstaurantstore.com/2673/coffee-carafes-and-decanters.html?vendor=Walco
Colored Handle Flatware,Walco Colored Handle Flatware,https://www.webstaurantstore.com/54069/colored-handle-flatware.html?vendor=Walco
Custom Steak Knives,Walco Custom Steak Knives,https://www.webstaurantstore.com/69825/custom-steak-knives.html
Decorative Flatware,Walco Decorative Flatware,https://www.webstaurantstore.com/54085/decorative-flatware.html?vendor=Walco
Distressed Flatware,Walco Distressed Flatware,https://www.webstaurantstore.com/54071/distressed-flatware.html?vendor=Walco
Walco Flatware,Walco Flatware,https://www.webstaurantstore.com/353208/walco-flatware.html
Floral / Scroll Flatware,Walco Floral / Scroll Flatware,https://www.webstaurantstore.com/54087/floral-scroll-flatware.html?vendor=Walco
Forks,Walco Forks,https://www.webstaurantstore.com/51005/forks.html?vendor=Walco
Gold / Gold Accented Flatware,Walco Gold / Gold Accented Flatware,https://www.webstaurantstore.com/54073/gold-gold-accented-flatware.html?vendor=Walco
Gravy and Sauce Boats,Walco Gravy and Sauce Boats,https://www.webstaurantstore.com/4071/gravy-and-sauce-boats.html?vendor=Walco
Hammered Flatware,Walco Hammered Flatware,https://www.webstaurantstore.com/54089/hammered-flatware.html?vendor=Walco
Knives,Walco Knives,https://www.webstaurantstore.com/51003/knives.html?vendor=Walco
Ladles,Walco Ladles,https://www.webstaurantstore.com/40755/ladles.html?vendor=Walco
Metal Bowls,Walco Metal Bowls,https://www.webstaurantstore.com/42001/metal-bowls.html?vendor=Walco
Metal Serving and Display Platters / Trays,Walco Metal Serving and Display Platters / Trays,https://www.webstaurantstore.com/41971/metal-serving-and-display-platters-trays.html?vendor=Walco
Mirror / Polished Flatware,Walco Mirror / Polished Flatware,https://www.webstaurantstore.com/54077/mirror-polished-flatware.html?vendor=Walco
Modern Flatware,Walco Modern Flatware,https://www.webstaurantstore.com/54091/modern-flatware.html?vendor=Walco
Oval / English Teardrop,Walco Oval / English Teardrop,https://www.webstaurantstore.com/54097/simple-casual-flatware.html?vendor=Walco
Pitchers,Walco Pitchers,https://www.webstaurantstore.com/4085/pitchers.html?vendor=Walco
Pot Forks / Carving Forks,Walco Pot Forks / Carving Forks,https://www.webstaurantstore.com/2865/pot-forks-carving-forks.html?vendor=Walco
Restaurant Creamers,Walco Restaurant Creamers,https://www.webstaurantstore.com/4055/restaurant-creamers.html?vendor=Walco
Rimmed Handle Flatware,Walco Rimmed Handle Flatware,https://www.webstaurantstore.com/54095/rimmed-handle-flatware.html?vendor=Walco
Satin / Brushed / Matte Flatware,Walco Satin / Brushed / Matte Flatware,https://www.webstaurantstore.com/54079/satin-frosted-brushed-flatware.html?vendor=Walco
Serving Utensils,Walco Serving Utensils,https://www.webstaurantstore.com/2969/serving-utensils.html?vendor=Walco
Soup Chafing Dishes,Walco Soup Chafing Dishes,https://www.webstaurantstore.com/69261/soup-chafing-dishes.html?vendor=Walco
Spoon Rests,Walco Spoon Rests,https://www.webstaurantstore.com/28275/spoon-rests.html?vendor=Walco
Spoons,Walco Spoons,https://www.webstaurantstore.com/51001/spoons.html?vendor=Walco
Steak Knives,Walco Steak Knives,https://www.webstaurantstore.com/2877/steak-knives.html?vendor=Walco
Sugar Caddies,Walco Sugar Caddies,https://www.webstaurantstore.com/20267/sugar-caddies.html?vendor=Walco
Teapots,Walco Teapots,https://www.webstaurantstore.com/4029/teapots.html?vendor=Walco
Textured Handle Flatware,Walco Textured Handle Flatware,https://www.webstaurantstore.com/54099/textured-handle-flatware.html?vendor=Walco
Tongs,Walco Tongs,https://www.webstaurantstore.com/40763/tongs.html?vendor=Walco
Wine Buckets and Wine Coolers,Walco Wine Buckets and Wine Coolers,https://www.webstaurantstore.com/9839/wine-buckets-and-wine-coolers.html?vendor=Walco
18/8 & 18/10 Extra Heavy Weight Flatware,WNK from Steelite International 18/8 & 18/10 Extra Heavy Weight Flatware,https://www.webstaurantstore.com/54067/18-8-18-10-extra-heavy-weight-flatware.html?vendor=WNK-from-Steelite-International
Appetizer and Tasting Bowls,WNK from Steelite International Appetizer and Tasting Bowls,https://www.webstaurantstore.com/42795/appetizer-and-tasting-bowls.html?vendor=WNK-from-Steelite-International
Baguette Flatware,WNK from Steelite International Baguette Flatware,https://www.webstaurantstore.com/54081/baguette-english-teardrop-flatware.html?vendor=WNK-from-Steelite-International
Bead Border / Beaded Flatware,WNK from Steelite International Bead Border / Beaded Flatware,https://www.webstaurantstore.com/54083/bead-border-beaded-flatware.html?vendor=WNK-from-Steelite-International
Chafer Parts & Accessories,WNK from Steelite International Chafer Parts & Accessories,https://www.webstaurantstore.com/47089/chafer-accessories.html?vendor=WNK-from-Steelite-International
Chafing Dishes,WNK from Steelite International Chafing Dishes,https://www.webstaurantstore.com/42675/chafing-dishes.html?vendor=WNK-from-Steelite-International
Coffee Carafes and Decanters,WNK from Steelite International Coffee Carafes and Decanters,https://www.webstaurantstore.com/2673/coffee-carafes-and-decanters.html?vendor=WNK-from-Steelite-International
Coffee Chafer Urns,WNK from Steelite International Coffee Chafer Urns,https://www.webstaurantstore.com/2611/coffee-chafer-urns.html?vendor=WNK-from-Steelite-International
WNK from Steelite International Flatware,WNK from Steelite International Flatware,https://www.webstaurantstore.com/69921/wnk-from-steelite-international-flatware.html
Forks,WNK from Steelite International Forks,https://www.webstaurantstore.com/51005/forks.html?vendor=WNK-from-Steelite-International
Hammered Flatware,WNK from Steelite International Hammered Flatware,https://www.webstaurantstore.com/54089/hammered-flatware.html?vendor=WNK-from-Steelite-International
Knives,WNK from Steelite International Knives,https://www.webstaurantstore.com/51003/knives.html?vendor=WNK-from-Steelite-International
Ladles,WNK from Steelite International Ladles,https://www.webstaurantstore.com/40755/ladles.html?vendor=WNK-from-Steelite-International
Lug / Tote Boxes,WNK from Steelite International Lug / Tote Boxes,https://www.webstaurantstore.com/3527/lug-tote-boxes.html?vendor=WNK-from-Steelite-International
Metal Bowls,WNK from Steelite International Metal Bowls,https://www.webstaurantstore.com/42001/metal-bowls.html?vendor=WNK-from-Steelite-International
Mirror / Polished Flatware,WNK from Steelite International Mirror / Polished Flatware,https://www.webstaurantstore.com/54077/mirror-polished-flatware.html?vendor=WNK-from-Steelite-International
Modern Flatware,WNK from Steelite International Modern Flatware,https://www.webstaurantstore.com/54091/modern-flatware.html?vendor=WNK-from-Steelite-International
Oval / English Teardrop,WNK from Steelite International Oval / English Teardrop,https://www.webstaurantstore.com/54097/simple-casual-flatware.html?vendor=WNK-from-Steelite-International
Pitchers,WNK from Steelite International Pitchers,https://www.webstaurantstore.com/4085/pitchers.html?vendor=WNK-from-Steelite-International
Plastic Beverage Dispensers,WNK from Steelite International Plastic Beverage Dispensers,https://www.webstaurantstore.com/68201/plastic-beverage-dispensers.html?vendor=WNK-from-Steelite-International
Plate Covers,WNK from Steelite International Plate Covers,https://www.webstaurantstore.com/3847/plate-covers.html?vendor=WNK-from-Steelite-International
Restaurant Creamers,WNK from Steelite International Restaurant Creamers,https://www.webstaurantstore.com/4055/restaurant-creamers.html?vendor=WNK-from-Steelite-International
Reusable Chopsticks and Chopstick Holders,WNK from Steelite International Reusable Chopsticks and Chopstick Holders,https://www.webstaurantstore.com/18107/reusable-chopsticks-and-chopstick-holders.html?vendor=WNK-from-Steelite-International
Rimmed Handle Flatware,WNK from Steelite International Rimmed Handle Flatware,https://www.webstaurantstore.com/54095/rimmed-handle-flatware.html?vendor=WNK-from-Steelite-International
Serving and Display Bowls,WNK from Steelite International Serving and Display Bowls,https://www.webstaurantstore.com/41969/serving-and-display-bowls.html?vendor=WNK-from-Steelite-International
Serving Utensils,WNK from Steelite International Serving Utensils,https://www.webstaurantstore.com/2969/serving-utensils.html?vendor=WNK-from-Steelite-International
Spoons,WNK from Steelite International Spoons,https://www.webstaurantstore.com/51001/spoons.html?vendor=WNK-from-Steelite-International
Square Handle Flatware,WNK from Steelite International Square Handle Flatware,https://www.webstaurantstore.com/58023/square-flatware.html?vendor=WNK-from-Steelite-International
Steak Knives,WNK from Steelite International Steak Knives,https://www.webstaurantstore.com/2877/steak-knives.html?vendor=WNK-from-Steelite-International
Sugar Caddies,WNK from Steelite International Sugar Caddies,https://www.webstaurantstore.com/20267/sugar-caddies.html?vendor=WNK-from-Steelite-International
Table Card Holders and Number Stands,WNK from Steelite International Table Card Holders and Number Stands,https://www.webstaurantstore.com/4141/table-card-holders-and-number-stands.html?vendor=WNK-from-Steelite-International
Teapots,WNK from Steelite International Teapots,https://www.webstaurantstore.com/4029/teapots.html?vendor=WNK-from-Steelite-International
Tongs,WNK from Steelite International Tongs,https://www.webstaurantstore.com/40763/tongs.html?vendor=WNK-from-Steelite-International
WNK Kamina from Steelite International Stainless Steel Tableware,WNK from Steelite International WNK Kamina from Steelite International Stainless Steel Tableware,https://www.webstaurantstore.com/69917/wnk-kamina-from-steelite-international-stainless-steel-tableware.html
Uninsulated Beverage Dispenser Parts and Accessories,Utopia by Steelite International Uninsulated Beverage Dispenser Parts and Accessories,https://www.webstaurantstore.com/36743/uninsulated-beverage-dispenser-parts-and-accessories.html?vendor=Utopia-by-Steelite-International
