Item Description,Item No.,List Price
"N/A","N/A","N/A"
"N/A","N/A","N/A"
"N/A","N/A","N/A"
"N/A","N/A","N/A"
"N/A","N/A","N/A"
"N/A","N/A","N/A"
"N/A","N/A","N/A"
"N/A","N/A","N/A"
"N/A","N/A","N/A"
"N/A","N/A","N/A"
"N/A","N/A","N/A"
"N/A","N/A","N/A"
"N/A","N/A","N/A"
"N/A","N/A","N/A"
"N/A","N/A","N/A"
"N/A","N/A","N/A"
"N/A","N/A","N/A"
"N/A","N/A","N/A"
"N/A","N/A","N/A"
"N/A","N/A","N/A"
"N/A","N/A","N/A"
"N/A","N/A","N/A"
"N/A","N/A","N/A"
"N/A","N/A","N/A"
"N/A","N/A","N/A"
"N/A","N/A","N/A"
"N/A","N/A","N/A"
"N/A","N/A","N/A"
"N/A","N/A","N/A"
"N/A","N/A","N/A"
"N/A","N/A","N/A"
"N/A","N/A","N/A"
"N/A","N/A","N/A"
"N/A","N/A","N/A"
"N/A","N/A","N/A"
"N/A","N/A","N/A"
"N/A","N/A","N/A"
"N/A","N/A","N/A"
"N/A","N/A","N/A"
"N/A","N/A","N/A"
"N/A","N/A","N/A"
"N/A","N/A","N/A"
"N/A","N/A","N/A"
"N/A","N/A","N/A"
"N/A","N/A","N/A"
"N/A","N/A","N/A"
"N/A","N/A","N/A"
"N/A","N/A","N/A"
"N/A","N/A","N/A"
"N/A","N/A","N/A"
"N/A","N/A","N/A"
"N/A","N/A","N/A"
"N/A","N/A","N/A"
"N/A","N/A","N/A"
"N/A","N/A","N/A"
"N/A","N/A","N/A"
"N/A","N/A","N/A"
"N/A","N/A","N/A"
"N/A","N/A","N/A"
"N/A","N/A","N/A"
"N/A","N/A","N/A"
"N/A","N/A","N/A"
"N/A","N/A","N/A"
"N/A","N/A","N/A"
"N/A","N/A","N/A"
"N/A","N/A","N/A"
"N/A","N/A","N/A"
"N/A","N/A","N/A"
"N/A","N/A","N/A"
"N/A","N/A","N/A"
"N/A","N/A","N/A"
"N/A","N/A","N/A"
"N/A","N/A","N/A"
"N/A","N/A","N/A"
"N/A","N/A","N/A"
"N/A","N/A","N/A"
"N/A","N/A","N/A"
"N/A","N/A","N/A"
"N/A","N/A","N/A"
"N/A","N/A","N/A"
"N/A","N/A","N/A"
"N/A","N/A","N/A"
"N/A","N/A","N/A"
"N/A","N/A","N/A"
"N/A","N/A","N/A"
"N/A","N/A","N/A"
"N/A","N/A","N/A"
"N/A","N/A","N/A"
"N/A","N/A","N/A"
"N/A","N/A","N/A"
"N/A","N/A","N/A"
"N/A","N/A","N/A"
"N/A","N/A","N/A"
"N/A","N/A","N/A"
"N/A","N/A","N/A"
"N/A","N/A","N/A"
"N/A","N/A","N/A"
"N/A","N/A","N/A"
"N/A","N/A","N/A"
"N/A","N/A","N/A"
"N/A","N/A","N/A"
"N/A","N/A","N/A"
"N/A","N/A","N/A"
"N/A","N/A","N/A"
"N/A","N/A","N/A"
"N/A","N/A","N/A"
"N/A","N/A","N/A"
"N/A","N/A","N/A"
"N/A","N/A","N/A"
"N/A","N/A","N/A"
"N/A","N/A","N/A"
"N/A","N/A","N/A"
"N/A","N/A","N/A"
"N/A","N/A","N/A"
"N/A","N/A","N/A"
"N/A","N/A","N/A"
"N/A","N/A","N/A"
"N/A","N/A","N/A"
"N/A","N/A","N/A"
"N/A","N/A","N/A"
"N/A","N/A","N/A"
"N/A","N/A","N/A"
"N/A","N/A","N/A"
"N/A","N/A","N/A"
"N/A","N/A","N/A"
"N/A","N/A","N/A"
"N/A","N/A","N/A"
"N/A","N/A","N/A"
"N/A","N/A","N/A"
"N/A","N/A","N/A"
"N/A","N/A","N/A"
"N/A","N/A","N/A"
"N/A","N/A","N/A"
"N/A","N/A","N/A"
"N/A","N/A","N/A"
"N/A","N/A","N/A"
"N/A","N/A","N/A"
"N/A","N/A","N/A"
"N/A","N/A","N/A"
"N/A","N/A","N/A"
"N/A","N/A","N/A"
"N/A","N/A","N/A"
"N/A","N/A","N/A"
"N/A","N/A","N/A"
"N/A","N/A","N/A"
"N/A","N/A","N/A"
"N/A","N/A","N/A"
"N/A","N/A","N/A"
"N/A","N/A","N/A"
"N/A","N/A","N/A"
"N/A","N/A","N/A"
"N/A","N/A","N/A"
"N/A","N/A","N/A"
"N/A","N/A","N/A"
"N/A","N/A","N/A"
"N/A","N/A","N/A"
"N/A","N/A","N/A"
"N/A","N/A","N/A"
"N/A","N/A","N/A"
"N/A","N/A","N/A"
"N/A","N/A","N/A"
"N/A","N/A","N/A"
"N/A","N/A","N/A"
"N/A","N/A","N/A"
"N/A","N/A","N/A"
"N/A","N/A","N/A"
"N/A","N/A","N/A"
"N/A","N/A","N/A"
"N/A","N/A","N/A"
"N/A","N/A","N/A"
"N/A","N/A","N/A"
"N/A","N/A","N/A"
"N/A","N/A","N/A"
"N/A","N/A","N/A"
"N/A","N/A","N/A"
"N/A","N/A","N/A"
"N/A","N/A","N/A"
"N/A","N/A","N/A"
"N/A","N/A","N/A"
"N/A","N/A","N/A"
"N/A","N/A","N/A"
"N/A","N/A","N/A"
"N/A","N/A","N/A"
"N/A","N/A","N/A"
"N/A","N/A","N/A"
"N/A","N/A","N/A"
"N/A","N/A","N/A"
"N/A","N/A","N/A"
"N/A","N/A","N/A"
"N/A","N/A","N/A"
"N/A","N/A","N/A"
"N/A","N/A","N/A"
"N/A","N/A","N/A"
"N/A","N/A","N/A"
"N/A","N/A","N/A"
"N/A","N/A","N/A"
"N/A","N/A","N/A"
"N/A","N/A","N/A"
"N/A","N/A","N/A"
"N/A","N/A","N/A"
"N/A","N/A","N/A"
"N/A","N/A","N/A"
"N/A","N/A","N/A"
"N/A","N/A","N/A"
"N/A","N/A","N/A"
"N/A","N/A","N/A"
"N/A","N/A","N/A"
"N/A","N/A","N/A"
"N/A","N/A","N/A"
"N/A","N/A","N/A"
"N/A","N/A","N/A"
"N/A","N/A","N/A"
"N/A","N/A","N/A"
"N/A","N/A","N/A"
"N/A","N/A","N/A"
"N/A","N/A","N/A"
"N/A","N/A","N/A"
"N/A","N/A","N/A"
"N/A","N/A","N/A"
"N/A","N/A","N/A"
"N/A","N/A","N/A"
"N/A","N/A","N/A"
"N/A","N/A","N/A"
"N/A","N/A","N/A"
"N/A","N/A","N/A"
"N/A","N/A","N/A"
"N/A","N/A","N/A"
"N/A","N/A","N/A"
"N/A","N/A","N/A"
"N/A","N/A","N/A"
"N/A","N/A","N/A"
"N/A","N/A","N/A"
"N/A","N/A","N/A"
"N/A","N/A","N/A"
"N/A","N/A","N/A"
"N/A","N/A","N/A"
"N/A","N/A","N/A"
"N/A","N/A","N/A"
"N/A","N/A","N/A"
"N/A","N/A","N/A"
"N/A","N/A","N/A"
"N/A","N/A","N/A"
"N/A","N/A","N/A"
"N/A","N/A","N/A"
"N/A","N/A","N/A"
"N/A","N/A","N/A"
"N/A","N/A","N/A"
"N/A","N/A","N/A"
"N/A","N/A","N/A"
"N/A","N/A","N/A"
"N/A","N/A","N/A"
"N/A","N/A","N/A"
"N/A","N/A","N/A"
"N/A","N/A","N/A"
"N/A","N/A","N/A"
"N/A","N/A","N/A"
"N/A","N/A","N/A"
"N/A","N/A","N/A"
"N/A","N/A","N/A"
"N/A","N/A","N/A"
"N/A","N/A","N/A"
"N/A","N/A","N/A"
"N/A","N/A","N/A"
"N/A","N/A","N/A"
"N/A","N/A","N/A"
"N/A","N/A","N/A"
"N/A","N/A","N/A"
"N/A","N/A","N/A"
"N/A","N/A","N/A"
"N/A","N/A","N/A"
"N/A","N/A","N/A"
"N/A","N/A","N/A"
"N/A","N/A","N/A"
"N/A","N/A","N/A"
"N/A","N/A","N/A"
"N/A","N/A","N/A"
"N/A","N/A","N/A"
"N/A","N/A","N/A"
"N/A","N/A","N/A"
"N/A","N/A","N/A"
"N/A","N/A","N/A"
"N/A","N/A","N/A"
"N/A","N/A","N/A"
"N/A","N/A","N/A"
"N/A","N/A","N/A"
"N/A","N/A","N/A"
"N/A","N/A","N/A"
"N/A","N/A","N/A"
"N/A","N/A","N/A"
"N/A","N/A","N/A"
"N/A","N/A","N/A"
"N/A","N/A","N/A"
"N/A","N/A","N/A"
"N/A","N/A","N/A"
"N/A","N/A","N/A"
"N/A","N/A","N/A"
"N/A","N/A","N/A"
"N/A","N/A","N/A"
"N/A","N/A","N/A"
"N/A","N/A","N/A"
"N/A","N/A","N/A"
"N/A","N/A","N/A"
"N/A","N/A","N/A"
"N/A","N/A","N/A"
"N/A","N/A","N/A"
"N/A","N/A","N/A"
"N/A","N/A","N/A"
"N/A","N/A","N/A"
"N/A","N/A","N/A"
"N/A","N/A","N/A"
"N/A","N/A","N/A"
"N/A","N/A","N/A"
"N/A","N/A","N/A"
"N/A","N/A","N/A"
"N/A","N/A","N/A"
"N/A","N/A","N/A"
"N/A","N/A","N/A"
"N/A","N/A","N/A"
"N/A","N/A","N/A"
"N/A","N/A","N/A"
"N/A","N/A","N/A"
"N/A","N/A","N/A"
"N/A","N/A","N/A"
"N/A","N/A","N/A"
"N/A","N/A","N/A"
"N/A","N/A","N/A"
"N/A","N/A","N/A"
"N/A","N/A","N/A"
"N/A","N/A","N/A"
"N/A","N/A","N/A"
"N/A","N/A","N/A"
"N/A","N/A","N/A"
"N/A","N/A","N/A"
"N/A","N/A","N/A"
"N/A","N/A","N/A"
"N/A","N/A","N/A"
"N/A","N/A","N/A"
"N/A","N/A","N/A"
"N/A","N/A","N/A"
"N/A","N/A","N/A"
"N/A","N/A","N/A"
"N/A","N/A","N/A"
"N/A","N/A","N/A"
"N/A","N/A","N/A"
"N/A","N/A","N/A"
"N/A","N/A","N/A"
"N/A","N/A","N/A"
"N/A","N/A","N/A"
"N/A","N/A","N/A"
"N/A","N/A","N/A"
"N/A","N/A","N/A"
"N/A","N/A","N/A"
"N/A","N/A","N/A"
"N/A","N/A","N/A"
"N/A","N/A","N/A"
"N/A","N/A","N/A"
"N/A","N/A","N/A"
"N/A","N/A","N/A"
"N/A","N/A","N/A"
"N/A","N/A","N/A"
"N/A","N/A","N/A"
"N/A","N/A","N/A"
"N/A","N/A","N/A"
"N/A","N/A","N/A"
"N/A","N/A","N/A"
"N/A","N/A","N/A"
"N/A","N/A","N/A"
"N/A","N/A","N/A"
"N/A","N/A","N/A"
"N/A","N/A","N/A"
"N/A","N/A","N/A"
"N/A","N/A","N/A"
"N/A","N/A","N/A"
"N/A","N/A","N/A"
"N/A","N/A","N/A"
"N/A","N/A","N/A"
"N/A","N/A","N/A"
"N/A","N/A","N/A"
"N/A","N/A","N/A"
"N/A","N/A","N/A"
"N/A","N/A","N/A"
"N/A","N/A","N/A"
"N/A","N/A","N/A"
"N/A","N/A","N/A"
"N/A","N/A","N/A"
"N/A","N/A","N/A"
"N/A","N/A","N/A"
"N/A","N/A","N/A"
"N/A","N/A","N/A"
"N/A","N/A","N/A"
"N/A","N/A","N/A"
"N/A","N/A","N/A"
"N/A","N/A","N/A"
"N/A","N/A","N/A"
"N/A","N/A","N/A"
"N/A","N/A","N/A"
"N/A","N/A","N/A"
"N/A","N/A","N/A"
"N/A","N/A","N/A"
"N/A","N/A","N/A"
"N/A","N/A","N/A"
"N/A","N/A","N/A"
"N/A","N/A","N/A"
"N/A","N/A","N/A"
"N/A","N/A","N/A"
"N/A","N/A","N/A"
"N/A","N/A","N/A"
"N/A","N/A","N/A"
"N/A","N/A","N/A"
"N/A","N/A","N/A"
"N/A","N/A","N/A"
"N/A","N/A","N/A"
"N/A","N/A","N/A"
"N/A","N/A","N/A"
"N/A","N/A","N/A"
"N/A","N/A","N/A"
"N/A","N/A","N/A"
"N/A","N/A","N/A"
"N/A","N/A","N/A"
"N/A","N/A","N/A"
"N/A","N/A","N/A"
"N/A","N/A","N/A"
"N/A","N/A","N/A"
"N/A","N/A","N/A"
"N/A","N/A","N/A"
"N/A","N/A","N/A"
"N/A","N/A","N/A"
"N/A","N/A","N/A"
"N/A","N/A","N/A"
"N/A","N/A","N/A"
"N/A","N/A","N/A"
"N/A","N/A","N/A"
"N/A","N/A","N/A"
"N/A","N/A","N/A"
"N/A","N/A","N/A"
"N/A","N/A","N/A"
"N/A","N/A","N/A"
"N/A","N/A","N/A"
"N/A","N/A","N/A"
"N/A","N/A","N/A"
"N/A","N/A","N/A"
"N/A","N/A","N/A"
"N/A","N/A","N/A"
"N/A","N/A","N/A"
"N/A","N/A","N/A"
"N/A","N/A","N/A"
"N/A","N/A","N/A"
"N/A","N/A","N/A"
"N/A","N/A","N/A"
"N/A","N/A","N/A"
"N/A","N/A","N/A"
"N/A","N/A","N/A"
"N/A","N/A","N/A"
"N/A","N/A","N/A"
"N/A","N/A","N/A"
"N/A","N/A","N/A"
"N/A","N/A","N/A"
"N/A","N/A","N/A"
"N/A","N/A","N/A"
"N/A","N/A","N/A"
"N/A","N/A","N/A"
"N/A","N/A","N/A"
"N/A","N/A","N/A"
"N/A","N/A","N/A"
"N/A","N/A","N/A"
"N/A","N/A","N/A"
"N/A","N/A","N/A"
"N/A","N/A","N/A"
"N/A","N/A","N/A"
"N/A","N/A","N/A"
"N/A","N/A","N/A"
"N/A","N/A","N/A"
"N/A","N/A","N/A"
"N/A","N/A","N/A"
"N/A","N/A","N/A"
"N/A","N/A","N/A"
"N/A","N/A","N/A"
"N/A","N/A","N/A"
"N/A","N/A","N/A"
"N/A","N/A","N/A"
"N/A","N/A","N/A"
"N/A","N/A","N/A"
"N/A","N/A","N/A"
"N/A","N/A","N/A"
"N/A","N/A","N/A"
"N/A","N/A","N/A"
"N/A","N/A","N/A"
"N/A","N/A","N/A"
"N/A","N/A","N/A"
"N/A","N/A","N/A"
"N/A","N/A","N/A"
"N/A","N/A","N/A"
"N/A","N/A","N/A"
"N/A","N/A","N/A"
"N/A","N/A","N/A"
"N/A","N/A","N/A"
"N/A","N/A","N/A"
"N/A","N/A","N/A"
"N/A","N/A","N/A"
"N/A","N/A","N/A"
"N/A","N/A","N/A"
"N/A","N/A","N/A"
"N/A","N/A","N/A"
"N/A","N/A","N/A"
"N/A","N/A","N/A"
"N/A","N/A","N/A"
"N/A","N/A","N/A"
"N/A","N/A","N/A"
"N/A","N/A","N/A"
"N/A","N/A","N/A"
"N/A","N/A","N/A"
"N/A","N/A","N/A"
"N/A","N/A","N/A"
"N/A","N/A","N/A"
"N/A","N/A","N/A"
"N/A","N/A","N/A"
"N/A","N/A","N/A"
"N/A","N/A","N/A"
"N/A","N/A","N/A"
"N/A","N/A","N/A"
"N/A","N/A","N/A"
"N/A","N/A","N/A"
"N/A","N/A","N/A"
"N/A","N/A","N/A"
